Id,TitleId,RealName,CharacterName,Role
0,19,Louise Moen,ad,Production Designer
1,80,Patrick Satterfield,voluptatum,Film Editor
2,81,Casey Corwin,minima,Actor
3,43,Patrick Stanton,aut,Actor
4,55,Angelina Cormier,ipsa,Music Composer
5,91,Irma Harris,deserunt,Music Composer
6,1,Constance Berge,odio,Producer
7,56,Clinton Hoppe,inventore,Film Editor
8,53,Esther Spinka,corporis,Music Composer
9,61,Vivian Purdy,non,Actor
10,88,Anne Bruen,ipsa,Actress
11,69,Gerard King,modi,Actor
12,29,Steven King,porro,Actor
13,22,Rodolfo Lueilwitz,maiores,Music Composer
14,2,Debra Terry,numquam,Producer
15,94,Ted Klocko,quae,Cinematographer
16,80,Lloyd Beier,ducimus,Costume Designer
17,86,Karen Wehner,quo,Director
18,91,Dianna Robel,alias,Music Composer
19,42,Colin Swift,optio,Actress
20,0,Ervin Bode,quos,Actor
21,67,Christie Hintz,ullam,Screenwriter
22,4,Ross Yost,amet,Music Composer
23,81,Jacob Sawayn,et,Production Designer
24,69,Kathy Sporer,explicabo,Cinematographer
25,82,Rosie Paucek,ipsum,Music Composer
26,43,Cecil Champlin,ut,Production Designer
27,55,Kerry Hartmann,autem,Actress
28,87,Maureen Collins,soluta,Production Designer
29,28,Leo Schmeler,vel,Music Composer
30,5,Laverne Rodriguez,tempora,Cinematographer
31,62,Taylor Hartmann,molestias,Director
32,85,Pearl Oberbrunner,beatae,Actor
33,33,Thomas Stark,ea,Cinematographer
34,79,Cary Jaskolski,omnis,Music Composer
35,27,Jaime Jacobi,labore,Director
36,86,Otis Weimann,aliquid,Production Designer
37,43,Tabitha Zemlak,impedit,Actor
38,47,Cassandra Monahan,provident,Cinematographer
39,8,Tyler Harvey,asperiores,Costume Designer
40,84,Melba Breitenberg,sint,Film Editor
41,24,Clark Abshire,animi,Director
42,86,Sonya Pagac,voluptates,Music Composer
43,98,Anne Willms,qui,Production Designer
44,23,Lucia Wilderman,nihil,Screenwriter
45,50,Claire Parisian,exercitationem,Actor
46,64,Madeline Shanahan,qui,Screenwriter
47,3,Lillian Osinski,autem,Screenwriter
48,30,Al Kassulke,dolores,Screenwriter
49,4,Wendell Grant,blanditiis,Costume Designer
50,21,Jordan Cartwright,explicabo,Music Composer
51,84,Troy Lemke,est,Producer
52,66,Tiffany Schuster,maiores,Music Composer
53,66,Terri King,sint,Screenwriter
54,87,Lindsey Green,nostrum,Film Editor
55,55,Kari Mosciski,recusandae,Actor
56,24,Casey Jakubowski,consequuntur,Screenwriter
57,60,Diane Robel,earum,Production Designer
58,5,Timothy Strosin,id,Costume Designer
59,92,Phyllis Langworth,ut,Film Editor
60,69,Eula Bins,et,Screenwriter
61,83,Nathan Kreiger,consequatur,Producer
62,52,Angela Kuvalis,necessitatibus,Producer
63,84,Leo Bosco,minus,Actor
64,15,Toby Trantow,consequatur,Production Designer
65,28,Kari Ullrich,voluptatem,Screenwriter
66,74,Troy Monahan,sint,Production Designer
67,61,Holly Lueilwitz,exercitationem,Producer
68,83,Grace Rohan,qui,Production Designer
69,38,Dewey Deckow,est,Actress
70,32,Cecilia Strosin,quisquam,Film Editor
71,94,Ella Kuvalis,voluptatem,Actress
72,23,Rogelio Stracke,aliquid,Music Composer
73,59,Eva Champlin,repudiandae,Screenwriter
74,82,Jaime Hand,beatae,Director
75,6,Tammy Gleason,dolorem,Film Editor
76,46,Chelsea Breitenberg,sequi,Producer
77,6,Kristin Schamberger,quisquam,Music Composer
78,72,Brittany Williamson,cupiditate,Production Designer
79,63,Margie Legros,quia,Screenwriter
80,11,Barry Pfannerstill,dolor,Screenwriter
81,52,Derrick Boyer,eligendi,Film Editor
82,32,Virgil Maggio,reprehenderit,Costume Designer
83,15,Irvin O'Hara,suscipit,Music Composer
84,49,Emma Sanford,enim,Screenwriter
85,35,Alonzo Kuhic,est,Actor
86,98,Marty Bruen,eveniet,Actor
87,30,Ellis Ziemann,quis,Production Designer
88,8,Erica Keeling,quam,Cinematographer
89,75,Kenny Gusikowski,quia,Screenwriter
90,53,Robyn O'Conner,optio,Music Composer
91,3,Todd Baumbach,odit,Music Composer
92,45,Stacey Thompson,consectetur,Production Designer
93,44,Ira Beatty,blanditiis,Actor
94,34,Dale Thiel,accusamus,Costume Designer
95,59,Lisa Hammes,architecto,Music Composer
96,49,Steve Feest,officia,Production Designer
97,27,Sylvester Schmitt,consequuntur,Production Designer
98,9,Betty Toy,blanditiis,Screenwriter
99,35,Norma Reynolds,est,Production Designer
100,3,Marianne Stanton,voluptatum,Screenwriter
101,16,Brooke Quitzon,placeat,Production Designer
102,53,Edna Bradtke,nihil,Actress
103,27,Pete Leffler,illum,Production Designer
104,32,Carolyn Roberts,animi,Music Composer
105,83,Sophie McKenzie,dolorum,Cinematographer
106,38,Angel Howell,nisi,Actor
107,43,Arturo Crist,repellat,Director
108,23,Pat Swift,aut,Cinematographer
109,17,Gilbert Upton,id,Music Composer
110,85,Maxine Wilkinson,quaerat,Film Editor
111,59,Geneva Jacobs,mollitia,Cinematographer
112,69,Sean Nader,molestiae,Music Composer
113,17,Samuel Moen,libero,Actress
114,97,Darrell Lowe,reiciendis,Actor
115,79,Terence Stanton,saepe,Screenwriter
116,46,Charlene Satterfield,atque,Cinematographer
117,98,Kay Daniel,et,Cinematographer
118,24,Cody King,aspernatur,Music Composer
119,28,June Langworth,cupiditate,Production Designer
120,51,Anne Durgan,rerum,Production Designer
121,31,Claire Olson,ut,Music Composer
122,71,Lonnie Gerhold,in,Film Editor
123,35,Dale Gleichner,id,Cinematographer
124,21,Casey Steuber,architecto,Director
125,39,Omar Metz,ipsam,Music Composer
126,79,Clay Altenwerth,deserunt,Screenwriter
127,20,Helen Witting,laborum,Director
128,81,Pearl Klein,et,Actor
129,66,Angel Herman,laborum,Music Composer
130,99,Dwight Breitenberg,atque,Actress
131,32,Alberto Hane,autem,Actress
132,88,Pauline Hagenes,sit,Film Editor
133,70,Jared Shields,delectus,Producer
134,89,Edna Johnston,et,Cinematographer
135,86,Connie Ward,fugit,Actor
136,38,Joanne Purdy,minus,Film Editor
137,77,Milton Macejkovic,minima,Costume Designer
138,55,Ian Graham,facere,Screenwriter
139,83,Kurt Rolfson,cum,Production Designer
140,6,Nicolas Murray,nesciunt,Actress
141,44,Jackie Satterfield,officiis,Cinematographer
142,33,Louis Greenfelder,ipsam,Actress
143,88,Danielle Skiles,deserunt,Costume Designer
144,39,Alonzo Morissette,ipsum,Costume Designer
145,95,Jeannie Simonis,est,Screenwriter
146,1,Marian McGlynn,impedit,Director
147,73,Nora Rosenbaum,ut,Actor
148,72,Sophie Lowe,nobis,Actor
149,6,Jamie Daniel,quis,Screenwriter
